{"Xfq65YSo3hx05ZFBOpcC2A==":"sauna-600x399.jpg","EYk3ky7VMXLu9wAfusfBdA==":"%D0%B4%D0%BB%D1%8F%20%D0%B2%D0%B0%D1%81%202-960x720.jpg","MtavpptIaYZdvq6a9A87ig==":"%D0%B0%D0%BA%D1%86%D0%B8%D0%B8%203-676x507.jpg","8UjeFQDTxkvTRjc7aqClQQ==":"%D0%BA%D0%BE%D0%BD%D0%BA%D1%83%D1%80%D1%81%D1%8B%203-676x507.jpg","IUEO/VZVTsKnqwEDWf15Rw==":"2019-04-13_12-17-53-663x561.png","qUz/h4StQrrlKZk8MY6s0Q==":"2019-04-10_13-38-16-1048x513.png","XwoV7she+3FohhjCV30bUA==":"%D0%B0%D0%BA%D1%86%D0%B8%D0%B8%203-676x507.jpg","sX3+i/e3tbwE9JKgRyFNpA==":"%D0%BA%D0%BE%D0%BD%D0%BA%D1%83%D1%80%D1%81%D1%8B%203-676x507.jpg","D/ophXkkuTBXYhM717tIMQ==":"2019-04-13_12-17-54-663x561.png","ctVpq503wuxaIDND5/pfjQ==":"2019-04-10_13-38-17-1048x513.png","LkVnoekdsV/dX1b0AutblQ==":"2019-04-08_17-50-59-709x597.png","RAYp9w4gUmfvFdt48n/nhg==":"sa10-800x533.jpg","LbRQX65xPLk5s8bo+yCQiQ==":"%D1%81%D0%B0%D1%83%D0%BD%D0%B0%20%D1%81%D0%BB%D0%B0%D0%B2%D0%B8%D0%BA%203-810x1080.jpg","YS0pKSQY3bpHs8AkFLPZDg==":"sa10-1-800x533.jpg","wkPnMrH41urPqiHXHGXucA==":"%D1%81%D0%B0%D1%83%D0%BD%D0%B0%20%D1%81%D0%BB%D0%B0%D0%B2%D0%B8%D0%BA%203-810x1080.jpg","Rllkb94PpTSmvCwy9ldoww==":"2019-04-12_01-22-59-900x458.png","/eIiAzYPCXwVav2gelbDPQ==":"0-02-04-6637004572e74e613bd8cf0f9908d83671162ed12e38b658e2984763c0d51dda_680676e6-900x675.jpg","MdFaiBZR+9KSmVbzP+f2kg==":"2019-04-25_03-17-44-862x576.png","T6ZV4T0VQ1JJehCvH5f3tw==":"%D0%B7%D0%B2%D0%BE%D0%BD%D0%B8%D1%82%D0%B5%203-960x720.jpg"}